StartDate,EndDate,Status,Progress,Duration (in seconds),Finished,RecordedDate,ResponseId,DistributionChannel,UserLanguage,consent_q,att1,att2,combination1,combination1_DO,combination2,combination2_DO,combination3,combination3_DO,combination4,combination4_DO,combination5,combination5_DO,combination6,combination6_DO,pk_egal_1,sk_egal_1,ck_egal_1,pk_selfish_1,sk_selfish_1,ck_selfish_1,pk_alibi_1,sk_alibi_1,ck_alibi_1,comp1,comp2,FL_12_DO,FL_27_DO
1/12/23 12:06,1/12/23 12:09,0,100,148,1,1/12/23 12:09,R_24BPSVCVw7i27PG,anonymous,EN,1,2,2,,,1,3|2|1,,,,,,,,,11,2,5,27,29,29,29,30,30,1,2,page1.2,page4|page3|page2
1/12/23 12:10,1/12/23 12:14,0,100,214,1,1/12/23 12:14,R_1JXCiNfADBKl38B,anonymous,EN,1,2,2,,,,,3,2|1|3,,,,,,,28,0,27,35,9,26,32,10,30,1,3,page1.3,page3|page4|page2
1/12/23 12:19,1/12/23 12:21,0,100,131,1,1/12/23 12:21,R_1FRFjMJLUSG82A5,anonymous,EN,1,2,2,,,,,,,,,1,2|3|1,,,2,0,0,23,16,18,6,17,12,1,2,page1.5,page3|page4|page2
1/12/23 12:33,1/12/23 12:35,0,100,126,1,1/12/23 12:35,R_cTHiWjPrHeSizrr,anonymous,EN,1,2,2,,,,,1,3|1|2,,,,,,,9,9,9,9,9,9,9,9,9,1,3,page1.3,page2|page3|page4
1/12/23 12:32,1/12/23 12:35,0,100,220,1,1/12/23 12:35,R_3KMWV4sXP3iUzjj,anonymous,EN,1,2,2,3,3|1|2,,,,,,,,,,,40,12,9,70,57,62,50,40,20,1,2,page1.1,page4|page2|page3
1/12/23 12:30,1/12/23 12:36,0,100,397,1,1/12/23 12:36,R_ehVJzE7zssTLObn,anonymous,EN,1,2,2,,,,,,,1,2|1|3,,,,,40,30,30,80,30,30,80,30,30,1,2,page1.4,page3|page2|page4
1/12/23 12:36,1/12/23 12:40,0,100,209,1,1/12/23 12:40,R_1Hqlr9SdHXNwtwA,anonymous,EN,1,2,2,3,1|3|2,,,,,,,,,,,15,13,23,17,21,59,22,31,36,1,2,page1.1,page3|page4|page2
1/12/23 12:38,1/12/23 12:40,0,100,123,1,1/12/23 12:40,R_3psBX8Vh3ZyhzzX,anonymous,EN,1,2,2,,,1,2|3|1,,,,,,,,,0,0,0,100,100,100,100,100,100,1,2,page1.2,page2|page3|page4
1/12/23 12:41,1/12/23 12:44,0,100,143,1,1/12/23 12:44,R_eA7aU5GHThyFotz,anonymous,EN,1,2,2,,,,,,,1,1|3|2,,,,,50,38,32,60,62,65,70,67,70,1,2,page1.4,page3|page2|page4
1/12/23 12:41,1/12/23 12:44,0,100,162,1,1/12/23 12:44,R_3j6ufBcIiwtaidR,anonymous,EN,1,2,2,,,,,,,,,3,2|3|1,,,50,50,50,50,50,50,50,50,50,1,2,page1.5,page3|page4|page2
1/12/23 12:42,1/12/23 12:48,0,100,358,1,1/12/23 12:48,R_2rYo0IkPJ3iA8tR,anonymous,EN,1,2,2,,,,,,,,,,,3,2|1|3,25,12,13,27,21,64,9,17,25,3,3,page1.6,page3|page4|page2
1/12/23 12:45,1/12/23 12:50,0,100,281,1,1/12/23 12:50,R_296ppMjnGdj8MTM,anonymous,EN,1,2,2,,,,,,,,,,,1,1|2|3,0,0,0,100,100,100,100,100,100,1,2,page1.6,page4|page2|page3
1/12/23 12:49,1/12/23 12:51,0,100,93,1,1/12/23 12:51,R_2VdT4GxCvqLgJoT,anonymous,EN,1,2,2,,,,,,,,,3,3|1|2,,,0,0,0,40,40,40,30,30,30,1,3,page1.5,page2|page3|page4
1/12/23 12:50,1/12/23 12:51,0,100,95,1,1/12/23 12:51,R_3n3kWGoF5WEm6zQ,anonymous,EN,1,2,2,,,,,1,2|1|3,,,,,,,0,0,0,70,72,72,80,80,80,1,3,page1.3,page3|page2|page4
1/12/23 12:53,1/12/23 12:53,0,100,23,1,1/12/23 12:53,R_3GDscFYAT8QzzaS,anonymous,EN,1,2,1,,,,,,,,,,,,,,,,,,,,,,,,,
1/12/23 12:53,1/12/23 12:54,0,100,83,1,1/12/23 12:54,R_1ieQVtd9ijXYRqa,anonymous,EN,1,2,2,,,3,1|2|3,,,,,,,,,40,60,60,95,90,80,85,90,80,1,2,page1.2,page4|page2|page3
1/12/23 12:51,1/12/23 12:55,0,100,241,1,1/12/23 12:55,R_2QWJWNYO5U6x9y5,anonymous,EN,1,2,2,,,,,,,3,2|1|3,,,,,11,10,11,41,38,40,50,47,50,1,2,page1.4,page3|page4|page2
1/12/23 12:53,1/12/23 12:55,0,100,119,1,1/12/23 12:55,R_1NfQNKzKjkwWuE2,anonymous,EN,1,2,2,,,,,,,3,3|2|1,,,,,30,29,50,18,49,15,6,80,54,1,3,page1.4,page3|page2|page4
1/12/23 12:53,1/12/23 12:55,0,100,133,1,1/12/23 12:55,R_1XKEczP5CQVdRFn,anonymous,EN,1,2,2,,,,,,,,,,,3,2|3|1,30,30,30,80,65,80,90,91,91,1,2,page1.6,page3|page2|page4
1/12/23 12:53,1/12/23 12:56,0,100,197,1,1/12/23 12:56,R_2Yrch0VfXXJSpGQ,anonymous,EN,1,2,2,,,,,,,,,1,2|3|1,,,13,12,7,76,75,84,80,80,77,1,2,page1.5,page4|page3|page2
1/12/23 12:55,1/12/23 12:57,0,100,110,1,1/12/23 12:57,R_z7PXinEZg9zRxNT,anonymous,EN,1,2,2,,,,,,,,,,,2,3|1|2,15,25,20,45,55,50,30,40,35,1,2,page1.6,page4|page2|page3
1/12/23 12:53,1/12/23 12:57,0,100,227,1,1/12/23 12:57,R_1F2qDPexH9xMkqJ,anonymous,EN,1,2,2,,,,,1,1|2|3,,,,,,,56,50,50,72,68,69,92,92,90,1,3,page1.3,page2|page3|page4
1/12/23 12:55,1/12/23 12:57,0,100,140,1,1/12/23 12:57,R_2co2RHDucbBp97w,anonymous,EN,1,2,2,,,,,3,3|2|1,,,,,,,18,31,30,18,18,19,21,19,20,1,2,page1.3,page4|page2|page3
1/12/23 12:55,1/12/23 12:57,0,100,112,1,1/12/23 12:57,R_31H5i4RWvnCx758,anonymous,EN,1,2,2,,,,,1,1|3|2,,,,,,,0,0,0,67,61,64,64,67,64,1,3,page1.3,page3|page2|page4
1/12/23 12:55,1/12/23 12:57,0,100,127,1,1/12/23 12:57,R_2dEcWtFZuf19soE,anonymous,EN,1,2,2,3,1|3|2,,,,,,,,,,,12,18,22,81,80,62,91,93,93,1,3,page1.1,page3|page2|page4
1/12/23 12:57,1/12/23 12:57,0,100,32,1,1/12/23 12:57,R_10DB0y0zgJmpKtP,anonymous,EN,1,2,1,,,,,,,,,,,,,,,,,,,,,,,,,
1/12/23 12:55,1/12/23 12:58,0,100,182,1,1/12/23 12:58,R_3Vmx3wwqabccS8V,anonymous,EN,1,2,2,,,2,3|2|1,,,,,,,,,0,0,0,75,75,75,75,75,75,1,2,page1.2,page4|page3|page2
1/12/23 12:56,1/12/23 12:58,0,100,110,1,1/12/23 12:58,R_1Ii5Gi874MPHU9Z,anonymous,EN,1,2,2,1,1|2|3,,,,,,,,,,,0,0,0,3,3,0,0,0,0,1,2,page1.1,page3|page2|page4
1/12/23 12:55,1/12/23 12:58,0,100,130,1,1/12/23 12:58,R_2SrzdH8AxLKArcC,anonymous,EN,1,2,2,,,,,,,3,1|3|2,,,,,0,0,0,90,90,80,90,90,85,1,2,page1.4,page2|page3|page4
1/12/23 12:56,1/12/23 12:58,0,100,130,1,1/12/23 12:58,R_DuEIiuOO6qTv9M5,anonymous,EN,1,2,2,,,,,,,,,,,3,3|2|1,9,10,9,11,10,12,9,10,10,1,3,page1.6,page2|page4|page3
1/12/23 12:56,1/12/23 12:58,0,100,97,1,1/12/23 12:58,R_2WwKiQn0thj1kDt,anonymous,EN,1,2,2,,,3,1|2|3,,,,,,,,,14,0,0,100,100,100,100,100,100,1,2,page1.2,page3|page4|page2
1/12/23 12:56,1/12/23 12:58,0,100,136,1,1/12/23 12:58,R_3032c2owG35IxPM,anonymous,EN,1,2,2,,,,,,,,,3,3|2|1,,,73,74,68,100,95,94,90,95,93,1,2,page1.5,page4|page3|page2
1/12/23 12:56,1/12/23 12:58,0,100,138,1,1/12/23 12:58,R_2UabCqxOmShXvHM,anonymous,EN,1,2,2,,,,,,,1,2|3|1,,,,,0,0,0,50,50,50,50,50,50,1,3,page1.4,page2|page3|page4
1/12/23 12:56,1/12/23 12:58,0,100,120,1,1/12/23 12:58,R_32Kr7dRzXXz9658,anonymous,EN,1,2,2,,,,,,,1,3|2|1,,,,,3,3,3,98,99,99,97,98,97,1,3,page1.4,page4|page2|page3
1/12/23 12:55,1/12/23 12:58,0,100,212,1,1/12/23 12:58,R_3dNflxXnYTgCwqc,anonymous,EN,1,2,2,,,,,,,,,1,2|3|1,,,75,74,81,71,78,74,77,77,83,1,2,page1.5,page3|page2|page4
1/12/23 12:56,1/12/23 12:58,0,100,154,1,1/12/23 12:58,R_1OB1Y3P0nJNs2ew,anonymous,EN,1,2,2,,,,,3,2|3|1,,,,,,,25,20,20,70,65,70,70,65,70,1,3,page1.3,page2|page4|page3
1/12/23 12:54,1/12/23 12:59,0,100,285,1,1/12/23 12:59,R_55NBKsKladzSVbj,anonymous,EN,1,2,2,,,,,,,,,,,3,3|2|1,40,10,5,30,20,15,35,20,15,1,2,page1.6,page3|page4|page2
1/12/23 12:56,1/12/23 12:59,0,100,201,1,1/12/23 12:59,R_2AKfsWfO3fHx5zG,anonymous,EN,1,2,2,,,3,1|2|3,,,,,,,,,25,25,25,85,80,90,75,75,75,1,3,page1.2,page2|page4|page3
1/12/23 12:57,1/12/23 12:59,0,100,118,1,1/12/23 12:59,R_xhNclKhtxVFTALn,anonymous,EN,1,2,2,,,,,3,3|2|1,,,,,,,37,38,40,68,64,67,71,70,65,1,2,page1.3,page3|page4|page2
1/12/23 12:55,1/12/23 12:59,0,100,239,1,1/12/23 12:59,R_eEy5M5NvW3vvMlj,anonymous,EN,1,2,2,,,3,2|1|3,,,,,,,,,38,33,36,58,48,57,60,68,64,1,2,page1.2,page4|page3|page2
1/12/23 12:52,1/12/23 13:00,0,100,453,1,1/12/23 13:00,R_efJ0QWyXtW4DKpP,anonymous,EN,1,2,2,2,1|3|2,,,,,,,,,,,62,64,62,65,78,56,62,67,72,1,2,page1.1,page4|page3|page2
1/12/23 12:56,1/12/23 13:00,0,100,244,1,1/12/23 13:00,R_2c8e4R9nHAobqBH,anonymous,EN,1,2,2,,,,,,,,,,,3,2|1|3,7,14,21,80,83,91,22,34,30,1,2,page1.6,page4|page2|page3
1/12/23 12:58,1/12/23 13:00,0,100,130,1,1/12/23 13:00,R_BLqEWtTYD2AwXo5,anonymous,EN,1,2,2,,,,,,,,,,,2,1|3|2,0,0,4,0,0,0,0,0,4,1,3,page1.6,page2|page3|page4
1/12/23 12:56,1/12/23 13:00,0,100,275,1,1/12/23 13:00,R_0vSvYgvvifl6kwN,anonymous,EN,1,2,2,3,1|2|3,,,,,,,,,,,37,15,29,64,77,62,65,78,65,1,2,page1.1,page4|page3|page2
1/12/23 12:53,1/12/23 13:01,0,100,464,1,1/12/23 13:01,R_QfUjF7yqueE4Pzr,anonymous,EN,1,2,2,1,2|3|1,,,,,,,,,,,61,41,50,21,20,50,65,20,25,2,3,page1.1,page4|page3|page2
1/12/23 12:57,1/12/23 13:01,0,100,264,1,1/12/23 13:01,R_vq5hBQDkxbNOv2F,anonymous,EN,1,2,2,,,,,,,,,1,3|1|2,,,40,30,30,60,50,50,50,50,50,1,2,page1.5,page3|page4|page2
1/12/23 12:52,1/12/23 13:02,0,100,606,1,1/12/23 13:02,R_7NBA0QZbc3lN2Y9,anonymous,EN,1,2,2,,,1,3|1|2,,,,,,,,,0,0,0,50,50,50,50,50,50,1,3,page1.2,page4|page3|page2
1/12/23 13:03,1/12/23 13:04,0,100,104,1,1/12/23 13:04,R_2S3mL8uvD8bMgz5,anonymous,EN,1,2,2,,,,,1,2|1|3,,,,,,,9,9,7,83,82,82,92,78,83,3,3,page1.3,page2|page3|page4
1/12/23 12:53,1/12/23 13:07,0,100,822,1,1/12/23 13:07,R_ZIYJ2AcKYT3ghTr,anonymous,EN,1,2,2,,,,,,,,,1,2|1|3,,,19,4,0,15,9,13,25,25,16,3,2,page1.5,page2|page3|page4
1/12/23 13:04,1/12/23 13:07,0,100,181,1,1/12/23 13:07,R_ZeHf67p7oB8J3mF,anonymous,EN,1,2,2,,,,,,,1,2|1|3,,,,,84,75,78,76,91,79,84,77,73,1,3,page1.4,page4|page2|page3
1/12/23 12:53,1/12/23 13:15,0,100,1294,1,1/12/23 13:15,R_3dQBJbR7qrWinZ2,anonymous,EN,1,2,2,1,1|2|3,,,,,,,,,,,35,20,25,70,56,61,60,50,55,1,2,page1.1,page4|page3|page2
1/12/23 12:55,1/12/23 13:01,0,88,369,0,1/19/23 13:01,R_3mdHEDsrzpqNN9C,anonymous,EN,1,2,2,,,,,,,1,1|2|3,,,,,38,29,38,83,60,58,68,64,68,,,page1.4,page3|page2|page4
1/24/23 15:13,1/24/23 15:15,0,100,105,1,1/24/23 15:15,R_1hA9FhzXG8tOQdq,anonymous,EN,1,2,2,1,3|2|1,,,,,,,,,,,72,73,70,91,98,100,0,31,41,1,3,page1.1,page4|page2|page3
1/24/23 15:23,1/24/23 15:27,0,100,233,1,1/24/23 15:27,R_3nxfmLXUVKn3fU7,anonymous,EN,1,2,2,,,1,2|1|3,,,,,,,,,10,10,10,80,80,81,90,90,100,1,2,page1.2,page3|page2|page4
1/24/23 15:44,1/24/23 15:48,0,100,254,1,1/24/23 15:48,R_3HB578uCFjILa8x,anonymous,EN,1,2,2,,,,,,,,,3,3|2|1,,,50,50,50,50,50,50,50,49,50,1,3,page1.5,page2|page4|page3
1/24/23 15:48,1/24/23 15:50,0,100,116,1,1/24/23 15:50,R_3h0jQHLYcT5XQjR,anonymous,EN,1,2,2,,,3,3|1|2,,,,,,,,,0,4,0,0,0,0,0,0,0,1,2,page1.2,page2|page3|page4
1/24/23 15:49,1/24/23 15:51,0,100,119,1,1/24/23 15:51,R_1Fy1zkqGvkmmHXn,anonymous,EN,1,1,2,,,,,1,2|1|3,,,,,,,2,7,5,90,94,87,93,85,83,1,3,page1.3,page4|page3|page2
1/24/23 15:58,1/24/23 16:00,0,100,142,1,1/24/23 16:00,R_yxcbFZQTPK3eAUx,anonymous,EN,1,2,2,3,1|2|3,,,,,,,,,,,78,75,75,70,75,76,18,30,20,1,2,page1.1,page4|page3|page2
1/24/23 15:57,1/24/23 16:00,0,100,227,1,1/24/23 16:00,R_2YwXq6yUIihCN5G,anonymous,EN,1,2,2,,,,,,,,,,,1,2|1|3,0,0,0,97,98,96,0,10,0,1,2,page1.6,page4|page2|page3
1/24/23 15:58,1/24/23 16:03,0,100,248,1,1/24/23 16:03,R_1iqx8AUKABNjP1b,anonymous,EN,1,2,2,,,,,,,,,2,3|1|2,,,20,12,14,11,12,8,30,20,16,3,3,page1.5,page2|page3|page4
1/24/23 16:06,1/24/23 16:08,0,100,135,1,1/24/23 16:08,R_2QyCie6Dnq53ywq,anonymous,EN,1,2,2,,,,,,,,,1,3|1|2,,,0,0,0,0,0,0,14,27,17,1,2,page1.5,page3|page2|page4
1/24/23 16:07,1/24/23 16:08,0,100,92,1,1/24/23 16:08,R_3iEXK0zm9N586V0,anonymous,EN,1,2,2,1,2|3|1,,,,,,,,,,,21,21,20,56,47,47,10,9,10,1,2,page1.1,page4|page2|page3
1/24/23 16:07,1/24/23 16:09,0,100,87,1,1/24/23 16:09,R_2SwAP8phuZU8H5F,anonymous,EN,1,2,2,,,1,2|3|1,,,,,,,,,30,20,23,25,12,14,24,22,22,1,2,page1.2,page2|page4|page3
1/24/23 16:05,1/24/23 16:09,0,100,249,1,1/24/23 16:09,R_1QsCh1p3hAkWpaq,anonymous,EN,1,2,2,,,,,,,1,1|3|2,,,,,30,39,34,62,60,67,57,45,45,1,2,page1.4,page2|page4|page3
1/24/23 16:06,1/24/23 16:09,0,100,180,1,1/24/23 16:09,R_Tjwb0ib3FSE5srL,anonymous,EN,1,2,2,,,,,,,3,1|3|2,,,,,50,50,50,50,50,50,79,71,50,1,3,page1.4,page3|page2|page4
1/24/23 16:11,1/24/23 16:13,0,100,108,1,1/24/23 16:13,R_3stdlf85matiN1c,anonymous,EN,1,2,2,,,,,1,2|1|3,,,,,,,82,80,84,93,98,100,98,96,91,1,2,page1.3,page2|page3|page4
1/24/23 16:11,1/24/23 16:14,0,100,164,1,1/24/23 16:14,R_3nrr8oplipz8wQ5,anonymous,EN,1,2,2,,,,,,,,,,,1,2|3|1,50,31,32,100,79,90,100,100,100,3,3,page1.6,page3|page2|page4
1/24/23 16:13,1/24/23 16:14,0,100,67,1,1/24/23 16:14,R_2wmALuqkucOEYEa,anonymous,EN,1,2,2,,,,,3,2|3|1,,,,,,,34,36,59,72,57,56,66,42,61,2,2,page1.3,page4|page3|page2
1/24/23 16:13,1/24/23 16:17,0,100,183,1,1/24/23 16:17,R_1GHUBO8MYZCxWwG,anonymous,EN,1,2,2,,,2,1|2|3,,,,,,,,,70,26,23,80,71,78,83,82,22,1,2,page1.2,page2|page3|page4
1/24/23 16:15,1/24/23 16:17,0,100,107,1,1/24/23 16:17,R_2y91rTA27YtKnnJ,anonymous,EN,1,2,2,,,,,,,,,3,3|1|2,,,33,27,30,40,34,39,29,31,29,1,2,page1.5,page3|page2|page4
1/24/23 16:15,1/24/23 16:19,0,100,234,1,1/24/23 16:19,R_2zjBj7XLF7JZps9,anonymous,EN,1,2,2,,,,,,,2,1|3|2,,,,,0,0,0,100,100,100,100,100,100,1,3,page1.4,page2|page3|page4
1/24/23 16:17,1/24/23 16:19,0,100,128,1,1/24/23 16:19,R_2woVpuTyL8kS4dt,anonymous,EN,1,2,2,,,,,,,,,,,1,1|3|2,0,0,0,100,100,100,100,100,100,1,3,page1.6,page3|page4|page2
1/24/23 16:16,1/24/23 16:19,0,100,204,1,1/24/23 16:19,R_zTlyj7kFwKTUuDD,anonymous,EN,1,2,2,3,2|1|3,,,,,,,,,,,10,10,10,40,40,40,30,30,30,3,2,page1.1,page3|page4|page2
1/24/23 16:17,1/24/23 16:20,0,100,174,1,1/24/23 16:20,R_AMQdtvnJlXDa1oJ,anonymous,EN,1,2,2,2,3|1|2,,,,,,,,,,,22,34,45,26,64,39,80,40,67,1,3,page1.1,page3|page4|page2
1/24/23 16:18,1/24/23 16:21,0,100,215,1,1/24/23 16:21,R_3DqgwBFTc13sJRe,anonymous,EN,1,2,2,,,,,1,3|2|1,,,,,,,15,17,14,88,88,89,65,62,65,1,2,page1.3,page4|page2|page3
1/24/23 16:18,1/24/23 16:22,0,100,263,1,1/24/23 16:22,R_2e8Z695mGC4rPbK,anonymous,EN,1,2,2,,,1,3|1|2,,,,,,,,,7,7,7,75,60,81,91,91,94,1,2,page1.2,page2|page3|page4
1/24/23 16:21,1/24/23 16:23,0,100,93,1,1/24/23 16:23,R_1l4B5r9iVDdV9dy,anonymous,EN,1,2,2,,,,,,,,,1,2|1|3,,,27,31,19,61,62,63,20,22,23,1,3,page1.5,page3|page2|page4
1/24/23 16:20,1/24/23 16:23,0,100,195,1,1/24/23 16:23,R_3QQod0aavLc47mT,anonymous,EN,1,2,2,,,,,,,1,2|3|1,,,,,10,10,5,100,100,100,100,100,100,1,2,page1.4,page4|page3|page2
1/24/23 16:20,1/24/23 16:23,0,100,169,1,1/24/23 16:23,R_3maFjq3w6zdCwIS,anonymous,EN,1,2,2,,,,,,,,,,,2,1|3|2,38,38,17,28,31,28,25,24,28,1,2,page1.6,page4|page3|page2
1/24/23 16:22,1/24/23 16:23,0,100,83,1,1/24/23 16:23,R_3sb511BbGepOa0y,anonymous,EN,1,2,2,,,,,2,1|2|3,,,,,,,50,51,50,68,50,50,68,35,50,1,3,page1.3,page4|page3|page2
1/24/23 16:22,1/24/23 16:24,0,100,146,1,1/24/23 16:24,R_s54O5arJLUOal0t,anonymous,EN,1,2,2,,,,,,,,,,,1,3|2|1,32,36,36,70,71,73,74,73,76,1,3,page1.6,page3|page4|page2
1/24/23 16:23,1/24/23 16:25,0,100,110,1,1/24/23 16:25,R_30w5VXBJ9ahq9pI,anonymous,EN,1,2,2,,,,,,,3,2|3|1,,,,,25,9,9,55,57,55,61,61,63,1,2,page1.4,page2|page3|page4
1/24/23 16:22,1/24/23 16:25,0,100,175,1,1/24/23 16:25,R_9YRs0R3ACF3JhBv,anonymous,EN,1,2,2,,,,,,,1,2|3|1,,,,,20,20,20,70,70,70,75,75,75,1,2,page1.4,page3|page2|page4
1/24/23 16:22,1/24/23 16:26,0,100,197,1,1/24/23 16:26,R_PRFzDaOm8yGJy8h,anonymous,EN,1,2,2,,,3,2|1|3,,,,,,,,,23,24,16,26,21,20,27,23,24,1,3,page1.2,page4|page3|page2
1/24/23 16:22,1/24/23 16:26,0,100,219,1,1/24/23 16:26,R_psetQWemOU6ckzT,anonymous,EN,1,2,2,3,1|2|3,,,,,,,,,,,27,0,0,86,87,96,64,69,94,1,2,page1.1,page4|page3|page2
1/24/23 16:22,1/24/23 16:26,0,100,215,1,1/24/23 16:26,R_sLK6lPwb6qZdK6J,anonymous,EN,1,2,2,,,,,,,,,1,1|3|2,,,0,0,0,0,0,0,0,0,0,1,2,page1.5,page4|page3|page2
1/24/23 16:25,1/24/23 16:26,0,100,39,1,1/24/23 16:26,R_2zwGt1STD1Cqm2T,anonymous,EN,1,1,1,,,,,,,,,,,,,,,,,,,,,,,,,
1/24/23 16:24,1/24/23 16:26,0,100,134,1,1/24/23 16:26,R_sXWXZfvtU4zjdfj,anonymous,EN,1,2,2,,,,,1,2|3|1,,,,,,,0,0,0,0,0,0,0,0,0,1,2,page1.3,page3|page2|page4
1/24/23 16:25,1/24/23 16:27,0,100,107,1,1/24/23 16:27,R_3yokL4KaP2tDBIJ,anonymous,EN,1,2,2,,,,,3,2|1|3,,,,,,,30,27,24,61,61,59,31,24,32,1,2,page1.3,page4|page2|page3
1/24/23 16:25,1/24/23 16:27,0,100,112,1,1/24/23 16:27,R_3R88Ja8Pm1zw0rW,anonymous,EN,1,2,2,3,2|1|3,,,,,,,,,,,2,0,10,9,6,2,16,17,12,1,2,page1.1,page2|page3|page4
1/24/23 16:25,1/24/23 16:27,0,100,91,1,1/24/23 16:27,R_2tfevacgtzOk029,anonymous,EN,1,2,2,,,,,,,3,2|1|3,,,,,0,0,0,65,75,75,60,55,55,1,2,page1.4,page3|page2|page4
1/24/23 16:24,1/24/23 16:27,0,100,167,1,1/24/23 16:27,R_1QzSPBW2nzMvpsM,anonymous,EN,1,2,2,1,3|1|2,,,,,,,,,,,34,33,23,86,89,86,74,61,77,1,2,page1.1,page4|page2|page3
1/24/23 16:24,1/24/23 16:27,0,100,184,1,1/24/23 16:27,R_3fV6GH1XQXbsueg,anonymous,EN,1,2,2,,,,,,,,,1,3|1|2,,,30,30,29,70,70,70,20,20,10,1,3,page1.5,page4|page3|page2
1/24/23 16:26,1/24/23 16:28,0,100,118,1,1/24/23 16:28,R_3J1TD58JTRRuYo4,anonymous,EN,1,2,2,,,,,,,,,1,2|1|3,,,0,0,0,75,80,78,68,66,75,1,2,page1.5,page4|page2|page3
1/24/23 16:26,1/24/23 16:28,0,100,139,1,1/24/23 16:28,R_2WA6vlodKWQuTxs,anonymous,EN,1,2,2,,,3,1|3|2,,,,,,,,,0,0,0,21,26,15,1,2,5,3,3,page1.2,page4|page3|page2
1/24/23 16:25,1/24/23 16:28,0,100,184,1,1/24/23 16:28,R_3nurcPoHMXGn9rL,anonymous,EN,1,2,2,,,,,,,,,,,3,2|3|1,25,31,24,67,63,31,80,69,58,3,3,page1.6,page4|page3|page2
1/24/23 16:27,1/24/23 16:28,0,100,84,1,1/24/23 16:28,R_0TEGTBeuWxhl9vj,anonymous,EN,1,2,2,,,,,,,3,1|2|3,,,,,15,21,16,70,68,63,80,79,61,1,2,page1.4,page2|page4|page3
1/24/23 16:26,1/24/23 16:28,0,100,162,1,1/24/23 16:28,R_1EYyBDxu7TJuXD9,anonymous,EN,1,2,2,,,3,2|1|3,,,,,,,,,15,12,13,76,71,71,76,37,68,1,2,page1.2,page3|page4|page2
1/24/23 16:24,1/24/23 16:29,0,100,305,1,1/24/23 16:29,R_3feq5DWk9VdpQzg,anonymous,EN,1,2,2,,,,,,,,,,,3,2|3|1,22,16,20,100,100,100,88,89,92,1,2,page1.6,page4|page3|page2
1/24/23 16:27,1/24/23 16:29,0,100,126,1,1/24/23 16:29,R_2SiwEevdYGR569d,anonymous,EN,1,2,2,,,,,,,,,3,1|2|3,,,48,52,58,53,50,54,40,36,40,1,2,page1.5,page4|page3|page2
1/24/23 16:27,1/24/23 16:29,0,100,121,1,1/24/23 16:29,R_UQ3LyygMucgIQJH,anonymous,EN,1,2,2,3,2|3|1,,,,,,,,,,,34,20,16,88,75,87,44,47,60,1,2,page1.1,page2|page4|page3
1/24/23 16:28,1/24/23 16:29,0,100,99,1,1/24/23 16:29,R_2DS4zfqtSds9xIi,anonymous,EN,1,2,2,,,,,,,,,,,1,3|2|1,27,19,24,28,33,31,22,21,16,1,3,page1.6,page3|page2|page4
1/24/23 16:27,1/24/23 16:29,0,100,172,1,1/24/23 16:29,R_1dGO81MyGhWFk2L,anonymous,EN,1,2,2,,,,,,,,,,,1,1|2|3,31,32,28,71,73,61,69,65,57,1,2,page1.6,page2|page4|page3
1/24/23 16:28,1/24/23 16:30,0,100,114,1,1/24/23 16:30,R_3kNHa4tQ956khBx,anonymous,EN,1,2,2,,,,,,,1,1|2|3,,,,,25,31,36,33,20,28,60,35,46,1,2,page1.4,page2|page3|page4
1/24/23 16:27,1/24/23 16:30,0,100,187,1,1/24/23 16:30,R_2o62P0M5lOW2XmN,anonymous,EN,1,2,2,,,,,3,1|2|3,,,,,,,0,0,0,31,27,6,35,35,35,1,2,page1.3,page4|page3|page2
1/24/23 16:27,1/24/23 16:30,0,100,210,1,1/24/23 16:30,R_1pL686Mh4neHLGn,anonymous,EN,1,2,2,1,1|3|2,,,,,,,,,,,80,77,76,77,74,79,83,83,86,1,2,page1.1,page3|page2|page4
1/24/23 16:24,1/24/23 16:30,0,100,382,1,1/24/23 16:30,R_3iLwnQ5gIJbsZdU,anonymous,EN,1,2,2,,,3,1|2|3,,,,,,,,,0,0,0,0,0,0,0,0,0,1,2,page1.2,page2|page4|page3
1/24/23 16:29,1/24/23 16:30,0,100,99,1,1/24/23 16:30,R_9NSoIjWq2nNTNrX,anonymous,EN,1,2,2,,,3,1|3|2,,,,,,,,,17,15,14,61,34,30,35,34,29,1,2,page1.2,page3|page4|page2
1/24/23 16:29,1/24/23 16:31,0,100,106,1,1/24/23 16:31,R_3oXTE8wMtJTwJEe,anonymous,EN,1,2,2,,,,,1,2|1|3,,,,,,,0,0,0,100,100,100,19,15,50,1,2,page1.3,page4|page3|page2
1/24/23 16:29,1/24/23 16:31,0,100,135,1,1/24/23 16:31,R_yz2aKC1m5GuiZhv,anonymous,EN,1,2,2,,,,,,,,,3,2|1|3,,,9,8,7,69,92,75,100,100,100,1,2,page1.5,page2|page3|page4
1/24/23 16:30,1/24/23 16:32,0,100,81,1,1/24/23 16:32,R_1KxSY1flM9IxtSI,anonymous,EN,1,2,2,,,,,,,,,1,1|2|3,,,23,72,72,76,31,30,28,66,73,1,2,page1.5,page3|page4|page2
1/24/23 16:32,1/24/23 16:32,0,100,30,1,1/24/23 16:32,R_2DOdTrzisHWFRsM,anonymous,EN,1,2,1,,,,,,,,,,,,,,,,,,,,,,,,,
1/24/23 16:25,1/24/23 16:32,0,100,458,1,1/24/23 16:32,R_1eUzWLEQk9i3wJQ,anonymous,EN,1,2,2,,,,,1,2|3|1,,,,,,,60,62,60,62,70,70,72,69,71,1,2,page1.3,page3|page2|page4
1/24/23 16:30,1/24/23 16:33,0,100,166,1,1/24/23 16:33,R_2QYFZj9teplxl45,anonymous,EN,1,2,2,,,,,,,3,2|1|3,,,,,5,5,5,20,20,25,20,25,40,1,2,page1.4,page4|page2|page3
1/24/23 16:32,1/24/23 16:33,0,100,59,1,1/24/23 16:33,R_OkSh1AwvWRz9lkd,anonymous,EN,1,2,1,,,,,,,,,,,,,,,,,,,,,,,,,
1/24/23 16:29,1/24/23 16:33,0,100,205,1,1/24/23 16:33,R_1LUwvDDnCSgxBtj,anonymous,EN,1,2,2,,,3,3|1|2,,,,,,,,,20,20,25,90,90,90,90,90,90,1,2,page1.2,page2|page4|page3
1/24/23 16:32,1/24/23 16:33,0,100,97,1,1/24/23 16:33,R_V4jS3l03bwyewFz,anonymous,EN,1,2,2,,,,,,,,,,,3,1|3|2,25,31,39,76,77,70,44,41,41,1,2,page1.6,page2|page3|page4
1/24/23 16:31,1/24/23 16:33,0,100,118,1,1/24/23 16:33,R_3erj1Cx78jFS00T,anonymous,EN,1,2,2,1,1|2|3,,,,,,,,,,,18,5,9,37,24,36,38,32,24,1,2,page1.1,page3|page4|page2
1/24/23 16:32,1/24/23 16:34,0,100,115,1,1/24/23 16:34,R_1jfZdTRhJBb8ZkK,anonymous,EN,1,2,2,1,2|1|3,,,,,,,,,,,0,0,0,100,100,100,100,100,100,1,2,page1.1,page4|page2|page3
1/24/23 16:33,1/24/23 16:34,0,100,100,1,1/24/23 16:34,R_bCpXAM4YNQcVPFf,anonymous,EN,1,2,2,,,,,3,3|1|2,,,,,,,18,6,12,79,96,34,88,79,71,1,2,page1.3,page3|page2|page4
1/24/23 16:33,1/24/23 16:35,0,100,112,1,1/24/23 16:35,R_24HPG7GXDP3tCVJ,anonymous,EN,1,2,2,,,2,2|3|1,,,,,,,,,50,50,50,50,51,50,50,49,50,1,3,page1.2,page4|page2|page3
1/24/23 16:34,1/24/23 16:35,0,100,84,1,1/24/23 16:35,R_8v6TMsXqawbpUSB,anonymous,EN,1,2,2,,,,,,,2,1|3|2,,,,,30,30,30,70,70,70,65,65,65,1,2,page1.4,page4|page3|page2
1/24/23 16:34,1/24/23 16:35,0,100,57,1,1/24/23 16:35,R_1M0qmsfDGHTZW2L,anonymous,EN,1,2,1,,,,,,,,,,,,,,,,,,,,,,,,,
1/24/23 16:34,1/24/23 16:35,0,100,98,1,1/24/23 16:35,R_1N4d8JoBCURHLR8,anonymous,EN,1,1,2,3,3|2|1,,,,,,,,,,,35,41,38,71,76,71,85,76,78,1,3,page1.1,page2|page3|page4
1/24/23 16:34,1/24/23 16:36,0,100,78,1,1/24/23 16:36,R_3hmvaToWZi7siyz,anonymous,EN,1,2,2,,,,,,,3,3|2|1,,,,,13,13,8,69,70,76,83,82,82,1,3,page1.4,page2|page3|page4
1/24/23 16:34,1/24/23 16:36,0,100,113,1,1/24/23 16:36,R_2YgexRSQyzu01sW,anonymous,EN,1,2,2,,,,,,,,,2,1|2|3,,,26,34,77,76,72,38,76,78,77,1,2,page1.5,page2|page3|page4
1/24/23 16:34,1/24/23 16:36,0,100,159,1,1/24/23 16:36,R_2WMC73l5yiMBwkd,anonymous,EN,1,2,2,,,,,,,,,,,3,3|2|1,67,73,73,70,71,70,68,72,68,1,3,page1.6,page3|page4|page2
1/24/23 16:32,1/24/23 16:37,0,100,277,1,1/24/23 16:37,R_10xCs3qzTSxFlpy,anonymous,EN,1,2,2,,,,,,,,,1,1|2|3,,,0,0,0,55,67,59,72,68,67,1,3,page1.5,page2|page3|page4
1/24/23 16:37,1/24/23 16:38,0,100,101,1,1/24/23 16:38,R_2ONMnpjFQfoUI1H,anonymous,EN,1,2,2,,,,,,,3,3|1|2,,,,,0,0,0,61,64,70,28,24,28,2,2,page1.4,page4|page2|page3
1/24/23 16:37,1/24/23 16:39,0,100,119,1,1/24/23 16:39,R_7U2UJOlpkznpm9P,anonymous,EN,1,2,2,,,,,,,,,,,1,3|2|1,6,1,3,81,81,84,53,51,56,1,2,page1.6,page2|page3|page4
1/24/23 16:36,1/24/23 16:39,0,100,163,1,1/24/23 16:39,R_1exdAqMnuHaLgjO,anonymous,EN,1,2,2,,,1,3|2|1,,,,,,,,,21,61,64,82,90,79,90,86,89,1,3,page1.2,page2|page4|page3
1/24/23 16:38,1/24/23 16:39,0,100,90,1,1/24/23 16:39,R_2S9rhP6N0dhaXLo,anonymous,EN,1,2,2,,,,,,,,,1,2|1|3,,,0,0,0,71,71,71,71,71,71,3,2,page1.5,page3|page4|page2
1/24/23 16:34,1/24/23 16:39,0,100,321,1,1/24/23 16:39,R_3NIeTt6b14uSjiM,anonymous,EN,1,2,2,,,,,,,,,,,3,3|1|2,10,19,4,79,80,80,10,17,31,1,3,page1.6,page2|page4|page3
1/24/23 16:39,1/24/23 16:40,0,100,21,1,1/24/23 16:40,R_OB9gYvdbkb2xrk5,anonymous,EN,1,2,1,,,,,,,,,,,,,,,,,,,,,,,,,
1/24/23 16:38,1/24/23 16:40,0,100,99,1,1/24/23 16:40,R_2VO9r5HiOq1me6t,anonymous,EN,1,2,2,,,,,,,,,2,3|1|2,,,29,22,15,89,92,87,75,64,67,1,2,page1.5,page4|page3|page2
1/24/23 16:35,1/24/23 16:40,0,100,296,1,1/24/23 16:40,R_31EEPW445oFFmkZ,anonymous,EN,1,2,2,3,2|3|1,,,,,,,,,,,0,0,0,39,43,41,39,36,34,1,3,page1.1,page3|page2|page4
1/24/23 16:38,1/24/23 16:40,0,100,141,1,1/24/23 16:40,R_2CgqgIuCdILa1KH,anonymous,EN,1,2,2,,,3,1|2|3,,,,,,,,,0,0,0,68,73,76,37,21,23,1,3,page1.2,page4|page3|page2
1/24/23 16:37,1/24/23 16:40,0,100,187,1,1/24/23 16:40,R_3frDJHEZcBipzbk,anonymous,EN,1,2,2,,,,,,,,,,,2,3|2|1,0,0,0,0,0,0,0,0,0,1,2,page1.6,page3|page4|page2
1/24/23 16:37,1/24/23 16:41,0,100,243,1,1/24/23 16:41,R_sjLBVJ7ymfbch9v,anonymous,EN,1,2,2,,,,,2,3|2|1,,,,,,,15,25,15,10,15,10,55,80,60,1,2,page1.3,page2|page4|page3
1/24/23 16:36,1/24/23 16:41,0,100,271,1,1/24/23 16:41,R_2a9wqwLGFEqKK0f,anonymous,EN,1,2,2,,,,,,,,,1,2|3|1,,,33,22,26,63,69,63,75,73,69,1,2,page1.5,page2|page4|page3
1/24/23 16:39,1/24/23 16:41,0,100,145,1,1/24/23 16:41,R_27dML70WLWM0CDN,anonymous,EN,1,2,2,,,2,2|1|3,,,,,,,,,24,26,26,62,60,64,100,100,100,1,3,page1.2,page2|page4|page3
1/24/23 16:37,1/24/23 16:41,0,100,233,1,1/24/23 16:41,R_27VDuNnwcAEFpqq,anonymous,EN,1,2,2,1,2|3|1,,,,,,,,,,,40,39,38,29,28,28,62,52,70,1,2,page1.1,page4|page2|page3
1/24/23 16:39,1/24/23 16:41,0,100,137,1,1/24/23 16:41,R_3kyOQReVm703BX7,anonymous,EN,1,2,2,,,,,,,,,,,2,2|3|1,20,17,24,66,96,66,29,18,26,1,2,page1.6,page4|page2|page3
1/24/23 16:38,1/24/23 16:41,0,100,228,1,1/24/23 16:41,R_1eXBEuJivtjv3cS,anonymous,EN,1,2,2,,,,,,,3,3|2|1,,,,,0,18,29,100,93,45,100,100,41,1,2,page1.4,page3|page2|page4
1/24/23 16:35,1/24/23 16:42,0,100,402,1,1/24/23 16:42,R_3LYE3TRBRt5suam,anonymous,EN,1,2,2,,,1,1|3|2,,,,,,,,,40,41,39,82,70,87,63,58,66,1,2,page1.2,page3|page2|page4
1/24/23 16:39,1/24/23 16:42,0,100,149,1,1/24/23 16:42,R_1lAVM3etImrRq7Y,anonymous,EN,1,2,2,,,,,1,3|2|1,,,,,,,0,0,0,24,20,22,37,28,26,1,2,page1.3,page3|page4|page2
1/24/23 16:37,1/24/23 16:42,0,100,279,1,1/24/23 16:42,R_V1NIPVj9oZnF5Pb,anonymous,EN,1,2,2,,,,,1,3|1|2,,,,,,,40,40,40,60,61,60,70,70,70,1,2,page1.3,page2|page3|page4
1/24/23 16:39,1/24/23 16:42,0,100,176,1,1/24/23 16:42,R_2Bh3OCjZ3gjLsyU,anonymous,EN,1,2,2,,,,,3,3|1|2,,,,,,,20,20,20,20,20,20,20,20,20,1,2,page1.3,page4|page3|page2
1/24/23 16:39,1/24/23 16:42,0,100,149,1,1/24/23 16:42,R_3nu6q8f7m4TcVPD,anonymous,EN,1,2,2,2,2|3|1,,,,,,,,,,,18,14,14,70,67,70,80,81,81,1,2,page1.1,page3|page2|page4
1/24/23 16:41,1/24/23 16:43,0,100,73,1,1/24/23 16:43,R_1mCTCaPFszGzp81,anonymous,EN,1,2,2,,,,,,,,,,,2,3|2|1,69,68,72,80,78,75,82,86,84,1,3,page1.6,page2|page4|page3
1/24/23 16:40,1/24/23 16:43,0,100,136,1,1/24/23 16:43,R_XhqswnPsOj7oV3j,anonymous,EN,1,2,2,,,,,,,1,3|1|2,,,,,15,5,10,68,58,48,80,70,80,1,2,page1.4,page3|page4|page2
1/24/23 16:40,1/24/23 16:43,0,100,134,1,1/24/23 16:43,R_2aQYlAUtN8h4zl6,anonymous,EN,1,2,2,,,2,3|2|1,,,,,,,,,62,18,7,62,27,10,60,9,20,1,2,page1.2,page4|page3|page2
1/24/23 16:37,1/24/23 16:43,0,100,349,1,1/24/23 16:43,R_QfuMC2Y0UvVtwSB,anonymous,EN,1,2,2,,,,,,,3,1|2|3,,,,,0,0,0,61,82,92,0,0,0,1,2,page1.4,page2|page3|page4
1/24/23 16:37,1/24/23 16:43,0,100,337,1,1/24/23 16:43,R_2f0yMJ2QpRxGO0E,anonymous,EN,1,2,2,3,1|3|2,,,,,,,,,,,13,4,2,78,58,75,93,85,96,1,2,page1.1,page2|page4|page3
1/24/23 16:39,1/24/23 16:43,0,100,262,1,1/24/23 16:43,R_3qHZ3HRLRo6eYPA,anonymous,EN,1,2,2,,,,,,,,,,,2,2|3|1,10,11,3,13,14,3,6,5,5,1,2,page1.6,page2|page3|page4
1/24/23 16:41,1/24/23 16:43,0,100,141,1,1/24/23 16:43,R_2BnA7ZM85RyQUfy,anonymous,EN,1,2,2,3,2|3|1,,,,,,,,,,,10,8,11,91,93,93,85,85,88,1,2,page1.1,page4|page2|page3
1/24/23 16:39,1/24/23 16:43,0,100,261,1,1/24/23 16:44,R_e4CWFgLR9EEGZQ5,anonymous,EN,1,2,2,,,,,,,,,1,2|3|1,,,58,7,65,19,25,10,18,0,0,1,2,page1.5,page4|page3|page2
1/24/23 16:41,1/24/23 16:44,0,100,148,1,1/24/23 16:44,R_2DRMJdAHKS5ITQE,anonymous,EN,1,2,2,,,,,3,1|2|3,,,,,,,0,0,0,100,100,100,100,100,100,1,3,page1.3,page2|page3|page4
1/24/23 16:42,1/24/23 16:44,0,100,125,1,1/24/23 16:44,R_2SjXKp1AjOLFnTU,anonymous,EN,1,2,2,,,,,,,1,1|3|2,,,,,23,16,16,21,9,19,28,28,23,1,2,page1.4,page3|page4|page2
1/24/23 16:41,1/24/23 16:44,0,100,151,1,1/24/23 16:44,R_2ygfg4mMXzNDv6w,anonymous,EN,1,2,2,,,,,,,1,1|3|2,,,,,25,15,16,80,76,75,70,70,65,1,2,page1.4,page4|page3|page2
1/24/23 16:43,1/24/23 16:44,0,100,94,1,1/24/23 16:44,R_3FVxzV1eRKacVfH,anonymous,EN,1,2,2,,,,,,,2,2|1|3,,,,,23,21,18,64,68,61,46,46,54,1,2,page1.4,page4|page3|page2
1/24/23 16:43,1/24/23 16:44,0,100,94,1,1/24/23 16:44,R_9yQ9bE9QChC37bj,anonymous,EN,1,2,2,3,1|3|2,,,,,,,,,,,25,34,33,74,77,76,75,81,87,1,2,page1.1,page4|page2|page3
1/24/23 16:42,1/24/23 16:44,0,100,136,1,1/24/23 16:44,R_3s60Qzl9vhoqiTw,anonymous,EN,1,2,2,,,,,,,,,,,1,1|2|3,8,10,7,77,74,82,93,88,92,1,2,page1.6,page2|page3|page4
1/24/23 16:42,1/24/23 16:45,0,100,157,1,1/24/23 16:45,R_6sawb6l2pJrpU0p,anonymous,EN,1,2,2,3,3|1|2,,,,,,,,,,,10,10,10,10,10,10,20,20,0,1,2,page1.1,page2|page3|page4
1/24/23 16:43,1/24/23 16:45,0,100,97,1,1/24/23 16:45,R_1OZvKYnuxKpABSY,anonymous,EN,1,2,2,,,3,1|2|3,,,,,,,,,70,64,23,83,90,77,87,88,20,1,3,page1.2,page2|page3|page4
1/24/23 16:43,1/24/23 16:45,0,100,96,1,1/24/23 16:45,R_2v1vieThWR53Fhn,anonymous,EN,1,2,2,,,,,3,1|2|3,,,,,,,0,0,0,8,19,10,15,10,17,1,2,page1.3,page3|page4|page2
1/24/23 16:43,1/24/23 16:45,0,100,129,1,1/24/23 16:45,R_BQCIjOb5ThtvAch,anonymous,EN,1,2,2,,,,,,,,,,,3,3|1|2,42,40,25,84,64,37,60,60,69,1,3,page1.6,page2|page3|page4
1/24/23 16:43,1/24/23 16:45,0,100,122,1,1/24/23 16:45,R_3hgNvQ6xa5Oowtr,anonymous,EN,1,2,2,,,,,,,2,2|3|1,,,,,75,73,77,100,100,100,69,76,79,1,2,page1.4,page3|page4|page2
1/24/23 16:43,1/24/23 16:46,0,100,185,1,1/24/23 16:46,R_6tKLep4FGUZeorT,anonymous,EN,1,2,2,,,,,,,,,1,1|2|3,,,5,1,0,68,65,67,50,49,47,1,2,page1.5,page3|page4|page2
1/24/23 16:44,1/24/23 16:47,0,100,179,1,1/24/23 16:47,R_25uLNOTK2XfOISR,anonymous,EN,1,2,2,,,,,3,3|1|2,,,,,,,100,79,99,82,91,80,74,92,80,3,3,page1.3,page3|page4|page2
1/24/23 16:44,1/24/23 16:47,0,100,157,1,1/24/23 16:47,R_p3jNAv1oHtzJqlr,anonymous,EN,1,2,2,,,,,,,,,,,3,3|2|1,18,15,17,66,71,79,21,13,31,1,2,page1.6,page4|page2|page3
1/24/23 16:45,1/24/23 16:47,0,100,109,1,1/24/23 16:47,R_9S6jJN7trmBwOZz,anonymous,EN,1,2,2,,,1,2|3|1,,,,,,,,,19,22,10,89,65,47,63,58,73,1,3,page1.2,page3|page4|page2
1/24/23 16:44,1/24/23 16:47,0,100,207,1,1/24/23 16:47,R_2f9FBhUW33EbJRK,anonymous,EN,1,2,2,1,3|1|2,,,,,,,,,,,28,9,2,77,62,40,45,33,16,1,2,page1.1,page2|page4|page3
1/24/23 16:44,1/24/23 16:47,0,100,187,1,1/24/23 16:47,R_2VlTm47idYjJuYr,anonymous,EN,1,2,2,,,2,2|3|1,,,,,,,,,28,26,28,78,67,62,74,78,72,1,2,page1.2,page3|page2|page4
1/24/23 16:42,1/24/23 16:48,0,100,353,1,1/24/23 16:48,R_12gaF8Dbizv52rk,anonymous,EN,1,2,2,,,,,,,,,2,1|3|2,,,50,50,50,50,50,50,50,50,50,1,2,page1.5,page2|page4|page3
1/24/23 16:46,1/24/23 16:48,0,100,89,1,1/24/23 16:48,R_Ah73MboyEP7B0rf,anonymous,EN,1,2,2,,,,,,,2,1|2|3,,,,,68,29,71,66,65,69,69,42,50,1,2,page1.4,page3|page4|page2
1/24/23 16:46,1/24/23 16:48,0,100,118,1,1/24/23 16:48,R_z3holOuWWTFbKc9,anonymous,EN,1,2,2,,,2,3|1|2,,,,,,,,,16,17,12,57,25,60,28,30,31,1,2,page1.2,page3|page2|page4
1/24/23 16:45,1/24/23 16:48,0,100,138,1,1/24/23 16:48,R_UoOEBxJyWNwxoZ3,anonymous,EN,1,2,2,,,,,,,1,1|2|3,,,,,9,5,3,3,4,5,97,99,100,1,2,page1.4,page2|page3|page4
1/24/23 16:40,1/24/23 16:48,0,100,474,1,1/24/23 16:48,R_1mQ06c4JESGelK9,anonymous,EN,1,2,2,,,2,1|2|3,,,,,,,,,15,8,10,57,39,48,50,50,50,1,3,page1.2,page2|page3|page4
1/24/23 16:46,1/24/23 16:48,0,100,148,1,1/24/23 16:48,R_1PS2D9jr0Gzz5RT,anonymous,EN,1,2,2,,,3,3|1|2,,,,,,,,,7,8,6,80,60,50,61,66,65,1,2,page1.2,page3|page2|page4
1/24/23 16:45,1/24/23 16:48,0,100,200,1,1/24/23 16:48,R_1Csh0386zVDTPWo,anonymous,EN,1,2,2,,,,,3,2|3|1,,,,,,,53,50,56,50,51,50,50,50,50,1,2,page1.3,page2|page3|page4
1/24/23 16:48,1/24/23 16:48,0,100,23,1,1/24/23 16:48,R_5hzUG55cPXzl6iB,anonymous,EN,1,2,1,,,,,,,,,,,,,,,,,,,,,,,,,
1/24/23 16:47,1/24/23 16:49,0,100,75,1,1/24/23 16:49,R_06C7o9Zurk9a8Zr,anonymous,EN,1,2,2,,,,,,,,,,,1,2|3|1,17,3,11,84,93,88,78,86,82,1,2,page1.6,page4|page3|page2
1/24/23 16:47,1/24/23 16:49,0,100,107,1,1/24/23 16:49,R_33C4nDCnpvhujEq,anonymous,EN,1,2,2,1,2|1|3,,,,,,,,,,,40,40,40,50,50,50,50,50,50,1,2,page1.1,page2|page4|page3
1/24/23 16:48,1/24/23 16:49,0,100,45,1,1/24/23 16:49,R_2xzLV1ZjCyC31uF,anonymous,EN,1,2,1,,,,,,,,,,,,,,,,,,,,,,,,,
1/24/23 16:42,1/24/23 16:49,0,100,419,1,1/24/23 16:49,R_3oI80f0lLdjLZJL,anonymous,EN,1,2,2,,,,,,,,,2,3|1|2,,,30,30,30,77,80,77,100,100,100,1,2,page1.5,page3|page2|page4
1/24/23 16:47,1/24/23 16:49,0,100,98,1,1/24/23 16:49,R_2B2HLBGTe4L1C0T,anonymous,EN,1,2,2,3,2|1|3,,,,,,,,,,,34,41,30,100,100,100,100,100,100,1,2,page1.1,page2|page3|page4
1/24/23 16:44,1/24/23 16:49,0,100,283,1,1/24/23 16:49,R_2CvxgaRyBCKCNgx,anonymous,EN,1,2,2,,,,,,,,,1,2|3|1,,,38,40,31,100,100,100,80,100,91,1,2,page1.5,page2|page4|page3
1/24/23 16:44,1/24/23 16:49,0,100,267,1,1/24/23 16:49,R_1hDPnRzkcKozujy,anonymous,EN,1,2,2,2,3|1|2,,,,,,,,,,,100,100,100,100,100,100,100,100,100,1,2,page1.1,page3|page2|page4
1/24/23 16:40,1/24/23 16:49,0,100,562,1,1/24/23 16:49,R_2E1aymwwPXkrraI,anonymous,EN,1,2,2,,,,,,,,,1,1|2|3,,,0,0,0,100,50,50,62,50,50,1,3,page1.5,page4|page2|page3
1/24/23 16:48,1/24/23 16:49,0,100,102,1,1/24/23 16:49,R_yr6IalGGoOPONKV,anonymous,EN,1,2,2,,,,,,,,,1,3|2|1,,,0,0,0,100,100,100,100,100,100,1,2,page1.5,page4|page2|page3
1/24/23 16:45,1/24/23 16:50,0,100,283,1,1/24/23 16:50,R_7TIObmyAuJB9Hkl,anonymous,EN,1,2,2,,,,,,,,,1,3|1|2,,,71,71,73,72,76,74,73,73,72,1,3,page1.5,page3|page4|page2
1/24/23 16:47,1/24/23 16:50,0,100,126,1,1/24/23 16:50,R_AAmaqsD0LU0BvH3,anonymous,EN,1,2,2,,,,,,,2,2|1|3,,,,,19,20,19,38,33,35,38,42,41,1,3,page1.4,page3|page4|page2
1/24/23 16:46,1/24/23 16:50,0,100,194,1,1/24/23 16:50,R_2Cj1vergxySPAuE,anonymous,EN,1,2,2,,,,,1,2|1|3,,,,,,,50,45,45,50,50,50,50,51,50,1,2,page1.3,page4|page2|page3
1/24/23 16:47,1/24/23 16:50,0,100,161,1,1/24/23 16:50,R_3rNTwUtZH1PkJJv,anonymous,EN,1,2,2,,,,,,,,,,,1,2|1|3,1,1,0,2,2,0,73,76,76,1,2,page1.6,page3|page2|page4
1/24/23 16:49,1/24/23 16:50,0,100,63,1,1/24/23 16:50,R_2z8ww1rD66KsFRy,anonymous,EN,1,2,2,,,,,,,3,3|1|2,,,,,35,29,33,66,40,32,40,43,38,1,2,page1.4,page4|page2|page3
1/24/23 16:48,1/24/23 16:50,0,100,125,1,1/24/23 16:50,R_xhmjC9KUqPqQ45r,anonymous,EN,1,2,2,,,,,,,1,3|2|1,,,,,0,0,0,0,0,0,0,0,0,1,2,page1.4,page3|page2|page4
1/24/23 16:39,1/24/23 16:50,0,100,647,1,1/24/23 16:50,R_3ISp6y5EmiqMOD0,anonymous,EN,1,2,2,,,,,1,2|3|1,,,,,,,25,24,17,24,39,12,80,87,90,1,2,page1.3,page3|page2|page4
1/24/23 16:48,1/24/23 16:50,0,100,142,1,1/24/23 16:50,R_2fp3IKaIIpbYvNJ,anonymous,EN,1,2,2,,,,,3,1|3|2,,,,,,,20,14,13,24,27,27,18,22,19,1,3,page1.3,page3|page2|page4
1/24/23 16:49,1/24/23 16:51,0,100,130,1,1/24/23 16:51,R_BD6BqF0yJvtyNrj,anonymous,EN,1,2,2,,,2,2|1|3,,,,,,,,,40,35,40,55,70,60,70,75,75,1,2,page1.2,page3|page4|page2
1/24/23 16:49,1/24/23 16:51,0,100,118,1,1/24/23 16:51,R_3O8FAFcWJmwqEhR,anonymous,EN,1,2,2,,,,,2,1|2|3,,,,,,,0,0,0,75,75,75,0,0,0,1,2,page1.3,page4|page2|page3
1/24/23 16:49,1/24/23 16:51,0,100,111,1,1/24/23 16:51,R_3NWZREmcbD3CxJn,anonymous,EN,1,2,2,,,1,2|3|1,,,,,,,,,7,5,7,6,6,4,13,13,14,1,3,page1.2,page4|page2|page3
1/24/23 16:49,1/24/23 16:51,0,100,129,1,1/24/23 16:51,R_2fxols91AR3XRVr,anonymous,EN,1,2,2,,,,,,,,,3,3|1|2,,,22,22,30,87,89,38,83,85,83,1,3,page1.5,page2|page3|page4
1/24/23 16:48,1/24/23 16:51,0,100,211,1,1/24/23 16:51,R_3D6Iw04Bxfqa04f,anonymous,EN,1,2,2,2,2|1|3,,,,,,,,,,,21,22,21,90,88,87,100,100,100,1,2,page1.1,page3|page2|page4
1/24/23 16:48,1/24/23 16:51,0,100,168,1,1/24/23 16:51,R_vC6wdDlkdMN3Nex,anonymous,EN,1,2,2,,,,,1,3|2|1,,,,,,,0,0,0,0,0,0,0,0,0,1,2,page1.3,page2|page3|page4
1/24/23 16:49,1/24/23 16:51,0,100,112,1,1/24/23 16:51,R_30dcFsSIRh2Rym5,anonymous,EN,1,2,2,1,1|3|2,,,,,,,,,,,5,5,5,15,10,10,20,20,20,1,2,page1.1,page3|page4|page2
1/24/23 16:48,1/24/23 16:51,0,100,203,1,1/24/23 16:51,R_3kq5xjZQwVMy650,anonymous,EN,1,2,2,1,3|2|1,,,,,,,,,,,0,0,0,0,0,0,0,0,0,1,3,page1.1,page3|page4|page2
1/24/23 16:49,1/24/23 16:51,0,100,165,1,1/24/23 16:51,R_3R4Kq5PEAXbT3L8,anonymous,EN,1,2,2,,,,,,,,,,,2,1|2|3,3,5,0,0,3,5,26,28,27,3,3,page1.6,page3|page2|page4
1/24/23 16:49,1/24/23 16:52,0,100,158,1,1/24/23 16:52,R_1gLoxYSiOebOv8J,anonymous,EN,1,2,2,,,,,,,3,1|2|3,,,,,33,32,31,32,21,19,43,32,39,1,2,page1.4,page4|page2|page3
1/24/23 16:48,1/24/23 16:52,0,100,248,1,1/24/23 16:52,R_3nDhOdTY9pMSqnV,anonymous,EN,1,2,2,,,1,2|3|1,,,,,,,,,31,18,19,46,54,55,38,32,27,1,3,page1.2,page4|page3|page2
1/24/23 16:49,1/24/23 16:53,0,100,198,1,1/24/23 16:53,R_31pEZXPsRL0tlPh,anonymous,EN,1,2,2,,,,,,,,,3,2|3|1,,,0,0,0,66,65,69,60,55,61,1,2,page1.5,page4|page2|page3
1/24/23 16:51,1/24/23 16:53,0,100,120,1,1/24/23 16:53,R_1LBd4GrOq38k5Cg,anonymous,EN,1,2,2,,,,,,,,,3,1|3|2,,,44,42,45,60,61,62,66,66,65,1,2,page1.5,page3|page2|page4
1/24/23 16:52,1/24/23 16:53,0,100,62,1,1/24/23 16:53,R_OrlT7PyN3YaVjUd,anonymous,EN,1,2,2,,,,,1,1|3|2,,,,,,,70,67,64,65,69,63,65,63,64,1,3,page1.3,page2|page3|page4
1/24/23 16:51,1/24/23 16:53,0,100,173,1,1/24/23 16:53,R_2aKwbCsvam8W9kh,anonymous,EN,1,2,2,,,,,,,3,1|3|2,,,,,82,61,41,80,81,58,22,84,20,1,2,page1.4,page4|page3|page2
1/24/23 16:52,1/24/23 16:53,0,100,96,1,1/24/23 16:53,R_2c0MJUtFIp3h7zt,anonymous,EN,1,2,2,,,,,,,,,3,2|3|1,,,24,21,27,87,78,77,82,78,85,3,3,page1.5,page3|page2|page4
1/24/23 16:52,1/24/23 16:54,0,100,104,1,1/24/23 16:54,R_3NJIqILhFZ39Ryv,anonymous,EN,1,2,2,,,,,,,1,1|3|2,,,,,14,9,12,73,67,69,16,12,22,1,2,page1.4,page4|page3|page2
1/24/23 16:50,1/24/23 16:54,0,100,218,1,1/24/23 16:54,R_ByOuQ8ECKN6zwXf,anonymous,EN,1,2,2,,,,,1,3|2|1,,,,,,,5,24,34,8,31,27,25,20,25,1,3,page1.3,page2|page4|page3
1/24/23 16:44,1/24/23 16:54,0,100,594,1,1/24/23 16:54,R_1ghI8vDoyd6kFsr,anonymous,EN,1,2,2,,,,,,,,,,,3,1|2|3,38,38,38,62,52,55,27,33,33,1,2,page1.6,page4|page3|page2
1/24/23 16:53,1/24/23 16:54,0,100,68,1,1/24/23 16:54,R_2rZP8Zfn2XqdUq2,anonymous,EN,1,2,2,,,2,1|2|3,,,,,,,,,71,35,66,58,57,58,42,45,60,1,2,page1.2,page2|page4|page3
1/24/23 16:53,1/24/23 16:54,0,100,81,1,1/24/23 16:54,R_2A1ooyieeqXDlMo,anonymous,EN,1,2,2,1,2|1|3,,,,,,,,,,,19,19,15,100,100,100,100,100,100,1,2,page1.1,page2|page4|page3
1/24/23 16:50,1/24/23 16:55,0,100,279,1,1/24/23 16:55,R_32600WJkmpPQ4gd,anonymous,EN,1,2,2,,,,,,,,,,,1,1|2|3,10,5,10,75,70,67,85,80,78,1,2,page1.6,page3|page2|page4
1/24/23 16:51,1/24/23 16:55,0,100,213,1,1/24/23 16:55,R_2OYJBBJ5eWHmfCw,anonymous,EN,1,2,2,,,,,,,,,,,1,1|3|2,0,0,0,0,0,0,20,60,0,1,2,page1.6,page2|page4|page3
1/24/23 16:53,1/24/23 16:55,0,100,95,1,1/24/23 16:55,R_3r0QbigTWvxub4l,anonymous,EN,1,2,2,,,1,3|2|1,,,,,,,,,0,0,0,100,99,26,85,76,30,1,2,page1.2,page2|page3|page4
1/24/23 16:53,1/24/23 16:55,0,100,115,1,1/24/23 16:55,R_2CqqymfnPBKOdW7,anonymous,EN,1,2,2,,,,,1,1|3|2,,,,,,,91,87,84,87,88,82,93,90,92,3,3,page1.3,page4|page2|page3
1/24/23 16:53,1/24/23 16:55,0,100,141,1,1/24/23 16:55,R_sceXmaqKLxudmxj,anonymous,EN,1,2,2,,,,,,,,,3,2|3|1,,,16,17,16,15,19,15,23,20,23,1,2,page1.5,page4|page3|page2
1/24/23 16:52,1/24/23 16:55,0,100,198,1,1/24/23 16:55,R_1PdhdwKmJqCBMCR,anonymous,EN,1,2,2,3,1|3|2,,,,,,,,,,,27,32,24,26,50,50,52,50,50,1,2,page1.1,page3|page4|page2
1/24/23 16:52,1/24/23 16:55,0,100,180,1,1/24/23 16:55,R_rkU5Pnwu5W5Qcnf,anonymous,EN,1,2,2,,,,,,,1,1|3|2,,,,,0,0,0,0,0,0,0,0,0,1,3,page1.4,page4|page2|page3
1/24/23 16:52,1/24/23 16:55,0,100,176,1,1/24/23 16:55,R_2dGhraYhnwcuLOl,anonymous,EN,1,2,2,,,,,,,,,,,2,2|3|1,15,26,20,36,25,36,30,26,30,1,2,page1.6,page2|page4|page3
1/24/23 16:53,1/24/23 16:55,0,100,116,1,1/24/23 16:55,R_rdJ2Bx8lf6nbuXD,anonymous,EN,1,2,2,,,,,,,1,1|2|3,,,,,17,14,16,17,15,15,70,77,76,1,2,page1.4,page3|page4|page2
1/24/23 16:53,1/24/23 16:56,0,100,154,1,1/24/23 16:56,R_3I0LBuPqybPDUyJ,anonymous,EN,1,2,2,,,2,2|1|3,,,,,,,,,35,25,25,75,80,75,70,80,70,1,2,page1.2,page2|page4|page3
1/24/23 16:53,1/24/23 16:56,0,100,138,1,1/24/23 16:56,R_10OyhDU0Pj5qDdG,anonymous,EN,1,2,2,2,3|1|2,,,,,,,,,,,0,0,0,15,0,0,24,14,0,1,2,page1.1,page3|page4|page2
1/24/23 16:52,1/24/23 16:56,0,100,222,1,1/24/23 16:56,R_2zwqmKig1Fqiyk2,anonymous,EN,1,2,2,,,,,,,,,,,1,2|3|1,25,36,25,46,56,42,25,36,25,1,2,page1.6,page4|page2|page3
1/24/23 16:52,1/24/23 16:56,0,100,249,1,1/24/23 16:56,R_1H9qPl0w3gfBk6R,anonymous,EN,1,2,2,1,3|1|2,,,,,,,,,,,10,10,10,100,100,100,94,93,94,1,2,page1.1,page2|page4|page3
1/24/23 16:55,1/24/23 16:56,0,100,93,1,1/24/23 16:56,R_3lS2r61AhWsWJq5,anonymous,EN,1,2,2,,,,,,,,,,,1,1|3|2,0,0,0,100,100,100,0,0,22,1,2,page1.6,page4|page3|page2
1/24/23 16:53,1/24/23 16:56,0,100,199,1,1/24/23 16:56,R_12PABPz1sGMPk2L,anonymous,EN,1,2,2,,,,,,,,,,,3,1|3|2,0,0,0,0,0,0,0,0,0,1,2,page1.6,page3|page4|page2
1/24/23 16:53,1/24/23 16:57,0,100,206,1,1/24/23 16:57,R_2Uadk06tixAqCH6,anonymous,EN,1,2,2,,,,,1,1|2|3,,,,,,,20,20,20,80,80,80,80,80,80,1,2,page1.3,page2|page4|page3
1/24/23 16:54,1/24/23 16:57,0,100,183,1,1/24/23 16:57,R_3OihrxSJxFg39Q4,anonymous,EN,1,2,2,1,3|1|2,,,,,,,,,,,10,10,10,30,35,30,20,15,20,1,2,page1.1,page2|page4|page3
1/24/23 16:54,1/24/23 16:57,0,100,178,1,1/24/23 16:57,R_SZxXkB4gZBabn9f,anonymous,EN,1,2,2,,,,,,,3,2|1|3,,,,,13,9,11,87,88,89,9,9,10,3,2,page1.4,page4|page2|page3
1/24/23 16:55,1/24/23 16:57,0,100,148,1,1/24/23 16:57,R_2ZIENEDQIHCTBoV,anonymous,EN,1,2,2,,,1,1|3|2,,,,,,,,,34,28,20,67,54,72,87,82,77,1,2,page1.2,page3|page2|page4
1/24/23 16:56,1/24/23 16:58,0,100,89,1,1/24/23 16:58,R_3nkMUXErFQQsqmd,anonymous,EN,1,2,2,1,2|3|1,,,,,,,,,,,18,30,5,85,60,77,80,81,82,1,2,page1.1,page3|page2|page4
1/24/23 16:56,1/24/23 16:58,0,100,140,1,1/24/23 16:58,R_p6u18EbcrUIkLAJ,anonymous,EN,1,2,2,,,,,,,,,3,1|3|2,,,11,12,11,20,20,20,20,20,20,1,2,page1.5,page3|page2|page4
1/24/23 16:47,1/24/23 16:58,0,100,655,1,1/24/23 16:58,R_1NfDJH7azTNTby3,anonymous,EN,1,2,2,,,,,,,,,1,2|3|1,,,0,0,0,0,0,0,0,0,0,1,2,page1.5,page4|page2|page3
1/24/23 16:57,1/24/23 16:58,0,100,55,1,1/24/23 16:58,R_3rV90UZQKkJHUcF,anonymous,EN,1,2,2,3,2|1|3,,,,,,,,,,,62,59,71,66,61,74,65,61,74,1,2,page1.1,page2|page4|page3
1/24/23 16:56,1/24/23 16:58,0,100,143,1,1/24/23 16:58,R_1pzLDfuV69R4auu,anonymous,EN,1,2,2,,,3,2|1|3,,,,,,,,,50,50,50,0,0,100,0,0,100,1,2,page1.2,page4|page3|page2
1/24/23 16:56,1/24/23 16:58,0,100,124,1,1/24/23 16:58,R_3sjOFashnnhjarg,anonymous,EN,1,2,2,,,,,,,3,1|3|2,,,,,0,0,0,0,0,0,0,0,0,1,2,page1.4,page4|page2|page3
1/24/23 16:54,1/24/23 16:58,0,100,231,1,1/24/23 16:58,R_zedbPTtkpZSMq6B,anonymous,EN,1,2,2,,,,,,,,,,,3,3|2|1,50,50,50,60,60,60,70,60,65,1,3,page1.6,page3|page4|page2
1/24/23 16:56,1/24/23 16:58,0,100,165,1,1/24/23 16:58,R_1Ca2yIRjacxxOXG,anonymous,EN,1,2,2,,,,,3,3|2|1,,,,,,,27,29,28,71,76,83,33,48,34,1,2,page1.3,page4|page3|page2
1/24/23 16:55,1/24/23 16:58,0,100,183,1,1/24/23 16:58,R_1poFIRq9KoWpTP8,anonymous,EN,1,2,2,,,,,3,1|2|3,,,,,,,19,19,9,29,31,9,21,18,8,1,2,page1.3,page2|page3|page4
1/24/23 16:57,1/24/23 16:58,0,100,73,1,1/24/23 16:58,R_3kgNyH2M6Zr0LLK,anonymous,EN,1,2,2,3,3|2|1,,,,,,,,,,,7,5,6,100,95,100,62,63,67,1,2,page1.1,page2|page4|page3
1/24/23 16:55,1/24/23 16:58,0,100,185,1,1/24/23 16:58,R_1In1YPJKjDHlOSo,anonymous,EN,1,2,2,,,,,,,,,,,3,2|1|3,7,12,12,95,95,95,96,95,95,1,3,page1.6,page3|page4|page2
1/24/23 16:56,1/24/23 16:58,0,100,131,1,1/24/23 16:58,R_Rx0p1svvbwUu5LX,anonymous,EN,1,2,2,,,,,3,1|2|3,,,,,,,57,54,66,46,61,58,50,58,61,1,2,page1.3,page4|page2|page3
1/24/23 16:52,1/24/23 16:59,0,100,403,1,1/24/23 16:59,R_1CruCj29pmU3D6P,anonymous,EN,1,2,2,,,1,1|3|2,,,,,,,,,10,10,5,30,30,20,25,25,10,1,2,page1.2,page4|page2|page3
1/24/23 16:55,1/24/23 16:59,0,100,207,1,1/24/23 16:59,R_1mnkFlYrkwnjCSH,anonymous,EN,1,2,2,,,,,,,,,1,3|1|2,,,11,0,3,37,52,40,35,55,41,1,2,page1.5,page4|page3|page2
1/24/23 16:59,1/24/23 16:59,0,100,14,1,1/24/23 16:59,R_24dz1bZC0rLPz7P,anonymous,EN,1,2,1,,,,,,,,,,,,,,,,,,,,,,,,,
1/24/23 16:56,1/24/23 16:59,0,100,187,1,1/24/23 16:59,R_3G7Kjb0DVt6pxqr,anonymous,EN,1,2,2,,,,,,,3,3|2|1,,,,,10,10,10,26,25,26,25,20,21,1,2,page1.4,page2|page3|page4
1/24/23 16:58,1/24/23 16:59,0,100,98,1,1/24/23 16:59,R_2S6KFN6hL1l4bGb,anonymous,EN,1,2,2,,,,,,,,,1,2|1|3,,,70,32,61,70,31,68,67,34,32,1,2,page1.5,page4|page3|page2
1/24/23 16:58,1/24/23 16:59,8,100,45,1,1/24/23 16:59,R_bOUl5unWYbtr6V3,anonymous,EN,1,2,1,,,,,,,,,,,,,,,,,,,,,,,,,
1/24/23 16:58,1/24/23 16:59,0,100,96,1,1/24/23 17:00,R_3G81Nf0Led4Hv14,anonymous,EN,1,2,2,,,,,1,1|3|2,,,,,,,16,7,13,77,82,84,72,92,81,1,2,page1.3,page3|page4|page2
1/24/23 16:55,1/24/23 17:00,0,100,280,1,1/24/23 17:00,R_3fBodNXwoLW1lxB,anonymous,EN,1,2,2,,,,,,,3,1|2|3,,,,,50,35,40,85,60,60,69,50,55,1,2,page1.4,page4|page2|page3
1/24/23 16:58,1/24/23 17:00,0,100,114,1,1/24/23 17:00,R_3gXihONgY5VhVZ4,anonymous,EN,1,2,2,,,,,,,,,,,1,2|1|3,8,10,10,88,88,88,90,90,91,1,2,page1.6,page2|page3|page4
1/24/23 16:58,1/24/23 17:00,0,100,115,1,1/24/23 17:00,R_3PBuZTccZaf4jJc,anonymous,EN,1,2,2,,,1,2|3|1,,,,,,,,,50,50,41,50,50,50,50,50,50,1,2,page1.2,page2|page3|page4
1/24/23 16:57,1/24/23 17:00,0,100,181,1,1/24/23 17:00,R_1gO2kcYdEtvJMm6,anonymous,EN,1,2,2,,,3,3|2|1,,,,,,,,,18,13,17,35,31,37,23,20,28,1,2,page1.2,page3|page2|page4
1/24/23 16:57,1/24/23 17:00,0,100,199,1,1/24/23 17:00,R_1IiJMzu70BOlRwO,anonymous,EN,1,2,2,,,1,2|1|3,,,,,,,,,10,10,0,50,60,60,80,80,80,1,2,page1.2,page2|page3|page4
1/24/23 16:57,1/24/23 17:00,0,100,189,1,1/24/23 17:00,R_3khTCDs20gFB4Lj,anonymous,EN,1,2,2,,,,,,,,,2,2|1|3,,,17,16,14,32,26,35,36,26,26,1,2,page1.5,page3|page2|page4
1/24/23 16:57,1/24/23 17:00,0,100,162,1,1/24/23 17:00,R_ApTEoXLl2r0u0jT,anonymous,EN,1,2,2,,,,,,,3,3|1|2,,,,,32,32,22,64,71,66,54,58,61,1,2,page1.4,page2|page3|page4
1/24/23 16:55,1/24/23 17:00,0,100,282,1,1/24/23 17:00,R_2V9m66h3pdSWIps,anonymous,EN,1,2,2,,,,,,,,,,,3,3|2|1,0,0,0,75,60,80,25,20,55,3,3,page1.6,page2|page4|page3
1/24/23 16:55,1/24/23 17:00,0,100,295,1,1/24/23 17:00,R_3Jg72awCEpAqSZf,anonymous,EN,1,2,2,2,3|2|1,,,,,,,,,,,18,9,0,61,50,17,75,50,4,1,2,page1.1,page4|page2|page3
1/24/23 16:59,1/24/23 17:00,0,100,81,1,1/24/23 17:00,R_VWr5CiNktcX5jkl,anonymous,EN,1,2,2,,,,,,,,,,,2,3|1|2,0,0,0,0,0,0,0,0,0,1,2,page1.6,page2|page3|page4
1/24/23 16:57,1/24/23 17:00,0,100,194,1,1/24/23 17:00,R_pmmbLwrjk3oo7TP,anonymous,EN,1,2,2,,,,,,,,,,,1,2|1|3,0,1,0,92,88,88,81,81,81,1,2,page1.6,page3|page2|page4
1/24/23 16:56,1/24/23 17:00,0,100,264,1,1/24/23 17:00,R_sb7vInZ7L91VYSl,anonymous,EN,1,2,2,,,,,,,,,2,3|2|1,,,24,34,26,85,67,78,23,33,19,1,3,page1.5,page4|page2|page3
1/24/23 16:55,1/24/23 17:01,0,100,306,1,1/24/23 17:01,R_tXqjFZtQJzJKQTv,anonymous,EN,1,2,2,3,2|3|1,,,,,,,,,,,0,0,0,100,100,100,80,70,80,1,2,page1.1,page2|page4|page3
1/24/23 16:58,1/24/23 17:01,0,100,126,1,1/24/23 17:01,R_0PMvDneQZ2qa0lr,anonymous,EN,1,2,2,,,1,1|2|3,,,,,,,,,11,10,2,50,50,50,72,72,74,1,2,page1.2,page2|page3|page4
1/24/23 16:58,1/24/23 17:01,0,100,178,1,1/24/23 17:01,R_RQO0R9NBrB1b6NP,anonymous,EN,1,2,2,,,,,,,3,2|1|3,,,,,20,20,19,72,71,72,70,71,71,1,3,page1.4,page2|page4|page3
1/24/23 16:54,1/24/23 17:01,0,100,422,1,1/24/23 17:01,R_ROg308MYPv7LrSF,anonymous,EN,1,2,2,,,,,1,3|2|1,,,,,,,10,30,19,81,81,50,30,29,24,1,2,page1.3,page4|page3|page2
1/24/23 16:58,1/24/23 17:01,0,100,169,1,1/24/23 17:01,R_2WOPM32R17rfD2g,anonymous,EN,1,2,2,1,3|2|1,,,,,,,,,,,20,20,15,70,40,30,40,40,30,1,2,page1.1,page4|page2|page3
1/24/23 16:59,1/24/23 17:01,0,100,119,1,1/24/23 17:01,R_UfjbTsfA4HVCyFb,anonymous,EN,1,2,2,,,,,1,2|3|1,,,,,,,38,37,43,35,24,61,73,70,58,1,3,page1.3,page3|page2|page4
1/24/23 16:58,1/24/23 17:01,0,100,212,1,1/24/23 17:01,R_3s61FeNEhBFRg6J,anonymous,EN,1,2,2,,,,,,,,,1,3|2|1,,,60,15,35,80,30,60,80,30,60,1,2,page1.5,page4|page3|page2
1/24/23 16:58,1/24/23 17:01,0,100,178,1,1/24/23 17:01,R_1jqyq4tjvk0s3ap,anonymous,EN,1,2,2,,,1,1|3|2,,,,,,,,,0,0,0,100,40,100,100,40,100,1,3,page1.2,page2|page3|page4
1/24/23 16:58,1/24/23 17:01,0,100,230,1,1/24/23 17:01,R_Q67dL9qvas1Bu6J,anonymous,EN,1,2,2,,,3,1|2|3,,,,,,,,,33,40,23,83,68,29,51,62,54,1,2,page1.2,page3|page4|page2
1/24/23 16:59,1/24/23 17:02,0,100,138,1,1/24/23 17:02,R_2dWJDmWQMI2hgJX,anonymous,EN,1,2,2,,,,,,,,,2,1|3|2,,,61,30,38,73,70,84,42,32,44,1,3,page1.5,page2|page3|page4
1/24/23 16:58,1/24/23 17:02,0,100,221,1,1/24/23 17:02,R_UtrRDiag2PxixXj,anonymous,EN,1,2,2,2,3|1|2,,,,,,,,,,,9,27,50,34,23,50,34,50,64,1,2,page1.1,page4|page2|page3
1/24/23 16:59,1/24/23 17:02,0,100,168,1,1/24/23 17:02,R_2tLtVBqhqOnbIZj,anonymous,EN,1,2,2,,,,,,,1,1|3|2,,,,,30,32,34,81,80,59,67,61,56,1,3,page1.4,page4|page3|page2
1/24/23 17:00,1/24/23 17:02,0,100,111,1,1/24/23 17:02,R_3IRZnVZJmKLMi7X,anonymous,EN,1,2,2,,,,,3,3|1|2,,,,,,,44,41,42,56,52,56,63,60,63,1,2,page1.3,page4|page3|page2
1/24/23 16:58,1/24/23 17:02,0,100,248,1,1/24/23 17:02,R_3LiMQXR4LJNqq24,anonymous,EN,1,2,2,3,3|2|1,,,,,,,,,,,30,20,30,30,30,20,10,10,20,1,2,page1.1,page3|page4|page2
1/24/23 17:00,1/24/23 17:02,0,100,101,1,1/24/23 17:02,R_1FmLjdjqZC8SG8d,anonymous,EN,1,2,2,1,2|1|3,,,,,,,,,,,25,16,16,34,36,40,16,20,30,1,2,page1.1,page4|page2|page3
1/24/23 16:59,1/24/23 17:02,0,100,191,1,1/24/23 17:02,R_1dj1M7UVINJzGEP,anonymous,EN,1,2,2,,,,,1,2|1|3,,,,,,,0,0,0,100,100,100,100,100,100,1,2,page1.3,page2|page4|page3
1/24/23 17:01,1/24/23 17:02,0,100,101,1,1/24/23 17:02,R_5gxrpw5wgqBZ1T3,anonymous,EN,1,2,2,1,2|3|1,,,,,,,,,,,40,44,38,33,33,12,94,61,85,1,2,page1.1,page2|page3|page4
1/24/23 16:57,1/24/23 17:02,0,100,288,1,1/24/23 17:02,R_V2beR7G7ZSNuhl7,anonymous,EN,1,2,2,,,,,1,1|2|3,,,,,,,10,20,15,80,80,90,90,90,90,1,2,page1.3,page3|page4|page2
1/24/23 16:56,1/24/23 17:02,0,100,358,1,1/24/23 17:02,R_1OJ0OcIb0BtF7jO,anonymous,EN,1,2,2,,,,,3,2|1|3,,,,,,,0,3,0,61,64,64,49,48,31,1,2,page1.3,page4|page2|page3
1/24/23 16:59,1/24/23 17:02,0,100,204,1,1/24/23 17:02,R_QhNGUCN9HcHXoDn,anonymous,EN,1,2,2,,,,,,,3,3|2|1,,,,,23,32,28,80,68,63,80,64,68,1,2,page1.4,page3|page2|page4
1/24/23 17:00,1/24/23 17:03,0,100,142,1,1/24/23 17:03,R_2qz5NLCFiklGiy2,anonymous,EN,1,2,2,,,,,1,2|1|3,,,,,,,0,0,0,0,0,0,0,0,0,1,2,page1.3,page4|page2|page3
1/24/23 17:00,1/24/23 17:03,0,100,187,1,1/24/23 17:03,R_brM5HoozLDrk3oR,anonymous,EN,1,2,2,2,2|3|1,,,,,,,,,,,20,15,20,80,85,83,70,80,75,1,2,page1.1,page4|page3|page2
1/24/23 17:01,1/24/23 17:03,0,100,90,1,1/24/23 17:03,R_1kTFoUhf2ZOgJw5,anonymous,EN,1,2,2,,,,,,,,,1,2|3|1,,,1,6,0,95,84,96,95,96,95,3,2,page1.5,page3|page2|page4
1/24/23 17:01,1/24/23 17:03,0,100,119,1,1/24/23 17:03,R_27OScre0okoVAmY,anonymous,EN,1,2,2,,,1,3|1|2,,,,,,,,,0,0,0,0,0,0,3,3,0,1,2,page1.2,page4|page3|page2
1/24/23 16:57,1/24/23 17:03,0,100,350,1,1/24/23 17:03,R_3nosFDyI0fbKOK4,anonymous,EN,1,2,2,,,,,,,,,,,3,2|1|3,16,26,23,85,89,84,83,80,78,1,2,page1.6,page3|page2|page4
1/24/23 17:00,1/24/23 17:03,0,100,165,1,1/24/23 17:03,R_2E4g9J2KYXRhn7J,anonymous,EN,1,2,2,,,,,,,1,1|2|3,,,,,5,14,16,71,71,72,72,72,72,1,2,page1.4,page2|page3|page4
1/24/23 17:02,1/24/23 17:03,0,100,92,1,1/24/23 17:03,R_Y6rtJJ6OlJraMIp,anonymous,EN,1,2,2,,,,,3,2|1|3,,,,,,,15,12,12,84,86,89,59,59,60,1,2,page1.3,page3|page4|page2
1/24/23 17:00,1/24/23 17:03,0,100,204,1,1/24/23 17:03,R_sEWt3ox0SVRKbS1,anonymous,EN,1,2,2,,,,,,,,,,,3,3|2|1,0,0,0,0,0,0,2,0,1,3,3,page1.6,page4|page2|page3
1/24/23 17:00,1/24/23 17:03,0,100,168,1,1/24/23 17:03,R_1LCBCjkAY55IyRd,anonymous,EN,1,1,2,,,1,2|1|3,,,,,,,,,0,0,0,100,100,100,86,85,92,1,2,page1.2,page4|page2|page3
1/24/23 17:02,1/24/23 17:03,0,100,99,1,1/24/23 17:03,R_1fklzWNHBLO1k9s,anonymous,EN,1,2,2,,,,,,,,,,,3,3|1|2,4,7,0,7,17,16,24,9,14,1,2,page1.6,page4|page3|page2
1/24/23 17:00,1/24/23 17:04,0,100,220,1,1/24/23 17:04,R_3j2l6e1gss2hEbE,anonymous,EN,1,2,2,,,3,3|1|2,,,,,,,,,30,20,20,60,60,40,70,70,60,1,2,page1.2,page2|page3|page4
1/24/23 17:01,1/24/23 17:04,0,100,148,1,1/24/23 17:04,R_uenySNsJ3ppZ72x,anonymous,EN,1,2,2,,,,,1,1|3|2,,,,,,,12,4,9,9,9,6,17,17,6,1,2,page1.3,page4|page3|page2
1/24/23 16:59,1/24/23 17:04,0,100,276,1,1/24/23 17:04,R_2q1vLldbirn1IG1,anonymous,EN,1,2,2,,,,,,,3,1|2|3,,,,,0,0,0,0,0,0,0,0,0,1,3,page1.4,page3|page4|page2
1/24/23 16:59,1/24/23 17:04,0,100,255,1,1/24/23 17:04,R_1n2T6robFIKCd0Q,anonymous,EN,1,2,2,,,,,,,,,1,2|1|3,,,6,6,6,30,30,30,20,20,20,3,3,page1.5,page3|page2|page4
1/24/23 16:58,1/24/23 17:04,0,100,315,1,1/24/23 17:04,R_3fcsDTQcmfSNKeU,anonymous,EN,1,1,2,,,,,,,,,,,3,1|2|3,21,21,0,81,71,36,75,74,31,1,2,page1.6,page3|page4|page2
1/24/23 17:01,1/24/23 17:04,0,100,186,1,1/24/23 17:04,R_w11EzNLeT8oB5OV,anonymous,EN,1,2,2,,,,,,,,,1,2|1|3,,,2,2,0,30,18,30,30,19,29,1,2,page1.5,page3|page2|page4
1/24/23 17:03,1/24/23 17:04,0,100,70,1,1/24/23 17:04,R_1fZ4qJrpnFIVXo8,anonymous,EN,1,2,2,3,3|2|1,,,,,,,,,,,19,25,17,57,69,62,58,60,77,1,2,page1.1,page3|page2|page4
1/24/23 17:00,1/24/23 17:04,0,100,220,1,1/24/23 17:04,R_W73LAmSUkfkWDCx,anonymous,EN,1,2,2,,,,,,,,,,,1,1|2|3,35,35,35,70,70,70,50,50,50,1,2,page1.6,page4|page3|page2
1/24/23 16:59,1/24/23 17:04,0,100,307,1,1/24/23 17:04,R_1gznCAaeqIaMWjG,anonymous,EN,1,2,2,,,,,,,,,1,3|1|2,,,19,20,17,82,80,81,62,61,61,1,2,page1.5,page2|page3|page4
1/24/23 17:01,1/24/23 17:04,0,100,193,1,1/24/23 17:04,R_2D5GfhyEdalq3Fo,anonymous,EN,1,2,2,,,2,3|2|1,,,,,,,,,10,6,11,10,0,10,11,8,9,1,2,page1.2,page3|page2|page4
1/24/23 17:02,1/24/23 17:04,0,100,149,1,1/24/23 17:04,R_a3Ozwe3S4RCcXtL,anonymous,EN,1,2,2,,,,,,,3,2|1|3,,,,,14,16,15,32,30,27,35,34,30,1,2,page1.4,page3|page4|page2
1/24/23 17:02,1/24/23 17:05,0,100,162,1,1/24/23 17:05,R_3r1WNKvnTE5NAI0,anonymous,EN,1,2,2,,,,,,,,,1,1|3|2,,,0,0,0,0,0,0,0,0,0,1,2,page1.5,page2|page4|page3
1/24/23 17:02,1/24/23 17:05,0,100,164,1,1/24/23 17:05,R_2c0E02wTgcfsRIU,anonymous,EN,1,2,2,1,2|3|1,,,,,,,,,,,15,11,11,71,65,75,85,89,96,1,2,page1.1,page2|page4|page3
1/24/23 17:01,1/24/23 17:05,0,100,259,1,1/24/23 17:05,R_vuF3ACPjOiV69C9,anonymous,EN,1,2,2,,,,,,,,,,,3,3|2|1,0,0,0,0,3,100,0,100,100,1,2,page1.6,page3|page2|page4
1/24/23 17:04,1/24/23 17:06,0,100,124,1,1/24/23 17:06,R_3kdjetWUxVvWXaY,anonymous,EN,1,2,2,,,,,1,3|1|2,,,,,,,0,0,0,0,0,0,0,0,0,1,3,page1.3,page3|page2|page4
1/24/23 16:58,1/24/23 17:06,0,100,450,1,1/24/23 17:06,R_1db4QCM13cOnqEF,anonymous,EN,1,2,2,,,,,,,1,1|3|2,,,,,50,50,50,50,50,50,50,50,50,1,2,page1.4,page3|page4|page2
1/24/23 17:03,1/24/23 17:07,0,100,251,1,1/24/23 17:07,R_NX9FEx7JUvNE1xf,anonymous,EN,1,2,2,,,,,,,,,3,1|2|3,,,0,0,0,0,0,0,0,0,0,1,2,page1.5,page3|page2|page4
1/24/23 17:01,1/24/23 17:08,0,100,390,1,1/24/23 17:08,R_294l4IBTYX6VUA8,anonymous,EN,1,2,2,,,2,1|3|2,,,,,,,,,76,67,72,73,75,76,77,74,73,1,3,page1.2,page2|page3|page4
1/24/23 16:47,1/24/23 17:08,0,100,1297,1,1/24/23 17:08,R_3PUiv50IqClOwqt,anonymous,EN,1,2,2,,,,,,,,,,,1,3|1|2,0,0,15,0,0,0,23,0,0,2,3,page1.6,page4|page3|page2
1/24/23 16:59,1/24/23 17:09,0,100,610,1,1/24/23 17:09,R_3MMszuKi8fXf7Df,anonymous,EN,1,2,2,,,,,,,2,3|1|2,,,,,27,30,30,50,50,51,50,50,50,1,2,page1.4,page3|page2|page4
1/24/23 17:04,1/24/23 17:11,0,100,442,1,1/24/23 17:11,R_1jwvTN1UtQ6T7qt,anonymous,EN,1,2,2,,,,,,,,,,,2,3|2|1,14,9,21,69,66,58,90,92,87,1,2,page1.6,page3|page2|page4
1/24/23 16:58,1/24/23 17:16,0,100,1092,1,1/24/23 17:16,R_3iXbGjWo7HjxqNU,anonymous,EN,1,2,2,,,,,,,3,3|1|2,,,,,100,100,100,100,100,100,100,100,100,1,2,page1.4,page3|page2|page4
1/24/23 17:13,1/24/23 17:19,0,100,377,1,1/24/23 17:19,R_31hGTxLfnk61RoF,anonymous,EN,1,2,2,1,3|1|2,,,,,,,,,,,40,40,40,65,65,65,85,85,85,1,2,page1.1,page3|page2|page4